seguro,tipo_casa,detector,incendio,alarma_activa,perdidas
1,1,1,0.9398514916700246,0.98,23701.519870542474
1,0,1,2.5652865524074797,0.98,128756.36119309603
0,1,0,0.17347210459411144,0,6380.518090523471
0,1,0,3.5317502075568448,0,132454.7427946554
1,0,1,0.5260649439878762,0.98,26373.268150352913
0,1,1,0.01762390648946166,0.98,457.1009396442255
0,1,0,1.9553727339113,0,73312.75216745329
0,1,1,0.8613412426364543,0.98,21813.076728047716
0,1,1,0.29529423732310534,0.98,7411.980523378963
0,0,0,0.003218452911823988,0,196.62372801117266
1,0,1,0.20072575798258185,0.98,10083.836877895828
0,1,0,0.23658512405593268,0,8927.566570884077
0,1,1,0.24061819330670559,0.98,6042.53799533218
0,1,1,1.2573083058972736,0.98,31769.878960260772
0,1,1,0.13233728427439928,0.98,3483.858068303731
0,0,0,1.2400383380752924,0,77334.11737395945
0,1,0,0.35947469780018426,0,13465.359062764035
0,0,0,2.8643227441418655,0,178828.47050578654
0,1,0,0.12220176751657535,0,4596.968500584676
0,0,0,0.89597528152606,0,55940.184057579674
0,1,1,3.265538796614457,0.98,82579.02652277109
0,1,1,0.09732200573923501,0.98,2451.910213706457
0,0,0,0.9227466487775763,0,58106.99408456473
0,0,0,0.2834076471895542,0,17776.71741142025
0,0,1,0.6505135693587363,0.98,32734.58652376297
0,1,1,0.09672845291425722,0.98,2414.4121459028574
0,1,1,1.6764365936720613,0.98,42353.555701432255
0,1,1,0.8095354884442808,0.98,20365.247385734365
0,1,1,0.3415265722871352,0.98,8567.56495373979
0,0,0,0.40743047231808305,0,25570.549317024062
0,0,1,2.0756945739591366,0.98,104217.02436149115
1,1,0,0.056559368377729194,0,2091.860877698919
0,0,1,0.08167207846418023,0.98,4047.8333613343093
0,0,0,0.3007383090443909,0,18848.45982181135
0,1,1,2.0395967829132324,0.98,51377.87610247776
0,0,1,0.45528761558091374,0.98,22654.752251760994
0,0,0,0.28799087453229727,0,18058.326070969528
0,1,1,0.011740537586167684,0.98,287.8899192520033
0,0,0,1.7875783498490099,0,111862.5845331819
0,0,0,3.2244717402565963,0,201470.70911673116
0,1,1,0.18352065747603774,0.98,4629.303512131121
1,0,1,0.27881691232323647,0.98,13897.344381813966
1,0,1,1.2977531412196281,0.98,65055.35536952409
1,1,1,3.097840450536061,0.98,78177.63660692376
0,0,0,3.47641982831174,0,217371.36903428452
0,1,1,0.5940767405554652,0.98,15041.391871710492
0,0,0,0.1446777204647185,0,9025.479276839429
0,0,0,2.1673300507149462,0,135090.2268463028
1,1,1,0.08105661828790571,0.98,2052.825576056275
1,0,1,0.7242427737963321,0.98,36414.46055820309
0,0,0,0.3098402111791074,0,19531.86581090361
0,1,1,0.7875904701230051,0.98,20125.957413107033
0,0,0,0.20602274107235144,0,12801.44121609152
0,1,0,0.21991779236122966,0,8261.520046069532
0,1,1,1.465230958452249,0.98,37031.08994709233
0,1,0,0.021244268960958542,0,798.2316097020836
1,0,1,0.1643456220626831,0.98,8234.47452808362
1,0,1,2.0736255589032417,0.98,104190.60389968951
0,0,0,1.2728217662823322,0,79319.88955642907
0,1,0,1.495266446759725,0,56167.74666787301
0,1,1,0.19915570823105372,0.98,5102.19955742635
1,1,1,0.6260773781687021,0.98,15743.458061068723
0,0,0,1.1904757087630156,0,74233.66137723761
0,1,0,2.2450051436803107,0,84303.9595295472
0,1,1,0.943320043958541,0.98,23729.93762838568
0,1,1,1.2410164335322502,0.98,31358.993405847752
0,1,1,0.8740566763606789,0.98,22119.625452803524
0,0,0,4.247362661854697,0,265345.4399768125
1,1,1,0.11980410732894213,0.98,3020.9423137653916
0,1,1,0.13379192313503815,0.98,3427.8141746556685
0,1,1,0.3837989345192909,0.98,9789.125906847945
1,0,1,1.1032675290060165,0.98,55598.517155451285
0,0,0,0.572321099229157,0,35803.508491349
0,1,1,1.4955324550289153,0.98,37888.43267766736
1,1,1,0.016220026183873415,0.98,411.0635642939958
0,1,1,0.267226029028429,0.98,6678.869994451397
0,1,1,1.770338436871028,0.98,44541.72140363587
1,0,1,0.3797060086057582,0.98,19150.977675623104
0,0,0,0.698093987266659,0,43918.56248121527
1,0,1,0.18290475802496076,0.98,9109.07052333617
1,0,1,2.4208235646269087,0.98,121549.36042843931
0,0,0,0.5009446335025132,0,31442.654732098355
1,0,1,1.3724207821813348,0.98,69024.5096658089
0,0,0,2.608393724020456,0,163464.86350339916
0,1,1,0.10105491988360882,0.98,2539.50488296942
0,0,0,0.13544455589726567,0,8403.587627940991
0,1,1,4.0061337554589525,0.98,101325.8263796901
0,0,0,1.1551240775314096,0,71984.04574431719
0,1,1,2.5197898576638464,0.98,63786.03893781937
0,1,1,1.8897097795057998,0.98,47448.5827648191
0,0,0,0.7422566236508014,0,46375.29533451901
0,0,0,0.4794539771974087,0,30260.978947820226
0,0,0,0.626784410327673,0,38984.013763707546
0,1,1,0.5854839937524359,0.98,14889.591940688932
0,1,1,0.6934851912323423,0.98,17439.85717198938
0,1,1,1.476105664091389,0.98,37621.76147443935
0,1,0,0.54422104684636,0,20358.617856321365
0,1,1,1.342802912886155,0.98,33848.151895703246
0,1,1,0.9208714241340621,0.98,23345.46090677134
0,0,0,3.31836207939272,0,207040.54658855457
1,0,1,1.1179617577743652,0.98,56094.8290797511
1,1,1,5.53208051778772,0.98,139702.94441701222
0,1,1,0.13946044025942683,0.98,3515.607769795678
0,1,1,0.014036459615637643,0.98,370.51272279653494
0,0,0,0.7496754619804146,0,46771.155026470915
0,0,0,0.09329860059917723,0,5841.832725457798
0,0,0,2.8978799209391743,0,181333.5214679438
0,1,1,1.1623846627351764,0.98,29174.578580311005
0,1,1,0.9480243518828371,0.98,23978.66670024639
0,1,1,1.242313828277302,0.98,31236.287182014978
0,0,0,1.0149462352542882,0,63335.57516224583
0,1,1,1.8369565153124767,0.98,46017.617514231
0,0,0,1.392485827123547,0,87073.44520997837
0,1,0,0.6602286007255316,0,24742.031695967173
1,1,1,2.194964093961454,0.98,55401.661072787836
0,0,0,0.559454042930156,0,34987.61825426283
0,0,0,0.28549285377657896,0,17870.140722403434
0,0,0,0.3106901616867347,0,19435.778850844737
0,0,0,0.7738296383784575,0,48440.274405150834
0,0,0,0.46564088575541973,0,29257.697131865134
0,0,0,1.7226705866365533,0,107547.0077372495
0,1,1,0.27127562919875464,0.98,6824.063632977918
0,1,1,0.22472228355137358,0.98,5688.656702047506
0,1,1,1.0271411165174964,0.98,25793.24885298659
0,1,1,1.2009399905380729,0.98,30230.22426203841
0,0,0,3.403391428123761,0,213327.32159916504
0,0,1,0.8102410342124226,0.98,40640.42220061592
1,0,1,0.6444525730297335,0.98,32495.277872287013
0,0,1,0.46353415539488196,0.98,23144.854888076225
1,1,1,3.4650570152509697,0.98,87323.58993492293
0,1,1,0.8302021330147544,0.98,20910.275230765972
0,1,1,0.4610583665780723,0.98,11592.182888870699
0,0,0,2.4072659261964877,0,150687.6973499393
0,0,0,0.1870532482299937,0,11643.648255549368
0,1,1,1.275073871905816,0.98,32103.217612379838
0,0,1,0.5938484729267657,0.98,29984.599199247557
0,1,1,2.9513190237987525,0.98,74822.85800928301
0,1,1,0.22399367880573054,0.98,5593.532646363312
0,1,0,1.4942080104586462,0,55764.01000591894
0,1,1,1.869659339925075,0.98,47296.607428966636
0,1,0,3.074297414605997,0,115255.71236626498
0,0,0,1.0411908598196629,0,65119.20353201611
1,1,1,0.17163707595318556,0.98,4367.5228207170685
0,1,1,0.7494332162485587,0.98,18989.6120349915
0,1,1,0.45487696025520563,0.98,11652.222649317206
0,0,0,0.6363024488091469,0,39652.127464218815
0,0,0,0.20078920293599367,0,12670.931548657782
0,0,0,0.017793495868345735,0,1122.063978554674
0,0,0,1.4903252318311564,0,93163.13940610563
0,1,1,0.19802318523052828,0.98,4995.7579491877495
0,1,0,1.2349184937355044,0,46229.46255549485
0,0,0,0.0040772749479490965,0,263.39941916273057
1,1,1,3.078487785890661,0.98,77812.94285797203
0,1,1,0.5015576983031079,0.98,12591.610472571858
0,0,0,2.3430998342714076,0,146417.25223060697
1,0,1,3.519290676130415,0.98,176546.66822899043
0,1,1,1.441360570406342,0.98,36085.68858261298
0,0,0,0.6916064168326557,0,42923.24072812016
0,0,0,0.4697318123653531,0,29253.25611768517
1,1,1,0.5119453491643071,0.98,13019.673624945757
1,1,1,0.4401092571206391,0.98,11114.48494421312
0,1,1,0.43491194769740105,0.98,10970.952721848207
0,1,1,1.6174022088849787,0.98,40857.40110561239
0,0,0,0.4026865321211517,0,25230.955112652555
0,1,1,0.3945004319679586,0.98,9920.771904090458
0,0,0,3.467762258564313,0,216196.56532519747
0,1,1,0.9314033183780434,0.98,23677.907302886702
1,0,1,0.581634352914989,0.98,29314.612145196403
1,0,1,1.1898875152272108,0.98,59845.26896120673
0,0,0,0.6358634228818119,0,39742.99520372726
0,0,0,1.3837967849847796,0,86354.1452613808
0,1,1,1.6394366267228369,0.98,41232.28200745746
0,0,0,1.0597423808229092,0,66318.44516781741
0,0,0,0.6374079142697155,0,39857.45745994806
0,1,1,0.43069990871004915,0.98,10817.380988533829
0,0,1,0.6027400367893279,0.98,30348.980775399043
0,0,0,1.1405728281986836,0,71113.05729823843
0,0,0,1.2015272127044323,0,74943.54462485982
0,0,0,0.7506394338628328,0,46947.90176971185
0,1,1,0.3138040221766426,0.98,7897.597471423598
0,0,0,0.5662596179172397,0,35361.103159119026
0,1,1,0.6556814569048584,0.98,16428.83209740711
1,1,1,2.6722830365082983,0.98,67399.33673104568
0,0,0,0.03419189294800162,0,2186.225676168066
0,0,0,1.0995736037892225,0,68706.98420097659
0,1,0,3.7349088692799817,0,140029.14119053027
0,1,1,1.2668937108990672,0.98,32211.916213663008
0,1,0,1.0427188546908024,0,39259.786974829025
1,0,1,1.0850289426323894,0.98,54419.01806706685
1,1,1,1.5686528998518232,0.98,39634.46381011263
0,1,1,0.31838914790177675,0.98,7917.402692210908
0,0,0,0.3403309131972492,0,21198.776271999628
1,0,1,2.8933720642027954,0.98,145852.0945116204
0,0,0,0.7042756843891861,0,44176.78821181907
0,0,1,0.3615370988845825,0.98,18141.675380392746
1,0,1,0.5629304577596486,0.98,28101.086769338897
0,0,0,0.44275811687111855,0,27760.59714816579
0,1,1,0.35050871735438704,0.98,8915.624147414115
0,1,1,1.454047296524811,0.98,36692.59825258276
0,0,0,0.6984374438923718,0,43778.93217422518
0,0,0,0.6119841602630913,0,38445.34836108596
0,1,0,1.0749995624226454,0,40291.41445645466
0,0,0,0.4451502676532001,0,27921.88660017911
0,0,0,0.07208874961361289,0,4527.921731135523
1,0,1,0.29409697372466326,0.98,14818.88436922501
0,1,1,1.3438191981566074,0.98,33720.51805896971
0,1,1,2.417807759591079,0.98,60731.11385366592
0,1,1,0.18397018313407898,0.98,4716.046426477044
0,0,0,4.001485606445433,0,250793.1203291939
0,0,0,0.1499624433927238,0,9330.209030704103
0,1,1,0.0846897466108203,0.98,2146.32419264859
0,1,1,0.2666136212646961,0.98,6671.535749889531
0,1,1,0.7474827169951918,0.98,18971.703050970857
1,1,1,0.5764334453269839,0.98,14612.148802082193
1,0,1,0.8663324564275267,0.98,43820.46852459728
0,1,1,1.8558841533118728,0.98,46957.724625424045
0,1,1,1.98102728269043,0.98,50145.45730862483
0,0,0,2.2953131901721355,0,143422.4694467017
0,0,0,0.466635649575817,0,29216.507243797372
1,0,1,2.1730167585096125,0.98,109375.49709164369
0,0,0,0.2165642329491675,0,13593.57933993644
0,0,0,0.4134945045225322,0,25685.741671613294
1,1,1,1.0837105338377022,0.98,27599.152185972107
1,0,1,1.6932933337780742,0.98,85314.54928346376
0,0,0,0.5206485511735082,0,32608.887318921108
0,1,1,0.3730531109742156,0.98,9349.72399095633
0,1,1,1.4988592582481322,0.98,37795.05003098436
0,0,0,2.188707152046912,0,136794.6182357732
1,1,1,1.8624306543821338,0.98,47030.47067452828
0,1,0,0.4276557075791061,0,16114.117937554242
0,1,1,0.16150829394064495,0.98,4088.6711802805935
0,0,0,0.5697361025959253,0,35592.45314520379
0,0,0,0.5923637496128769,0,37052.15648402721
0,0,0,0.2381411762908101,0,14773.27251647184
0,0,0,0.14351305505260825,0,8883.671051722498
1,1,1,1.9120418447160963,0.98,48268.3406600034
1,0,1,4.135431041731001,0.98,207561.02510152338
1,0,1,1.38324944018842,0.98,69841.10642485147
0,1,1,0.7330377446067454,0.98,18587.276495857735
1,0,0,0.8454522620466473,0,52633.09515054547
0,0,0,2.3198372999808554,0,144832.9610313342
0,1,1,0.3234715888094981,0.98,8134.401368925487
0,0,0,0.7081767844993516,0,44121.12034348421
0,1,1,0.5304555594921112,0.98,13477.39577604088
1,1,1,1.2853170008909824,0.98,32265.113243281736
0,1,1,2.231649237455584,0.98,56150.9225656273
0,1,1,0.8354086651978018,0.98,21132.721224356872
0,1,0,1.5432449950927738,0,57544.48462952982
0,1,1,2.529048858084417,0.98,63705.70399019723
1,1,0,0.754498230251384,0,28473.411316887647
0,1,1,0.46302551543340087,0.98,11628.046670256233
0,0,1,0.18915724449368634,0.98,9420.663398377636
0,0,0,0.7145829322823741,0,44947.38185165935
0,0,0,0.6243706466630101,0,39135.61759013866
0,1,1,3.264924228023339,0.98,82689.18820569394
0,0,0,0.6830394305288792,0,42900.37316910727
0,0,0,0.4370749560184777,0,27276.26430568103
0,0,0,0.6877571707591414,0,43095.21012992099
0,1,1,1.752430077558184,0.98,44195.33902266925
0,1,0,0.5654284404590726,0,21082.441810341435
0,0,0,0.564765908755362,0,35373.20417213212
0,1,1,1.9196604414934162,0.98,48597.051428590006
0,0,0,2.4199858101687197,0,151612.44901263464
0,0,0,0.8754403286288608,0,54803.71212949697
0,0,0,0.12815384363142598,0,8058.405241890441
0,0,0,0.2844033972360194,0,17694.66782781627
0,0,1,0.943219167762492,0.98,47355.77277040115
0,0,1,0.4223365942016244,0.98,21193.60242523217
0,0,0,3.2671010418046005,0,204013.39777662442
1,0,1,0.08004937274381518,0.98,4027.56065282256
0,1,1,0.8408284318164126,0.98,21287.03973955729
1,0,1,0.5614415667618153,0.98,28160.67728885783
0,0,0,0.8662881362612721,0,54388.979558675375
0,1,1,0.1681592520326376,0.98,4230.470704190683
1,0,1,2.3026217053315405,0.98,115562.99015631223
0,0,0,0.12088584527373314,0,7502.127540703591
0,0,1,1.558843936687136,0.98,78463.57992541791
0,1,1,4.3194675033254155,0.98,109354.48393988964
0,1,1,0.6658151890151203,0.98,16743.379786160884
0,1,1,0.32546376110985875,0.98,8377.75443746674
0,1,1,0.3376201992018378,0.98,8529.608562709078
1,1,1,0.1525971470400691,0.98,3837.5828309974672
0,1,1,1.8218924830758814,0.98,46231.79305068696
0,1,1,0.48367984406650066,0.98,12297.619376917799
0,0,0,2.3218578788122897,0,145266.4192560756
1,0,1,0.9044555761200926,0.98,45213.322667783614
1,0,1,1.0031440248292807,0.98,50290.07378297308
1,0,1,1.3558685946789506,0.98,68339.78417033779
0,1,1,0.25242698239162564,0.98,6444.324152104914
0,1,1,0.3053551884368062,0.98,7790.66897916196
0,0,1,0.04433311247727802,0.98,2181.780360687725
0,0,0,0.1981122474942323,0,12384.155606192542
1,1,1,0.17179882619529963,0.98,4343.98932377578
0,0,1,1.3169952341866615,0.98,66067.95052311948
0,1,0,2.452537046619392,0,91917.8579121052
1,1,1,1.4467969059928256,0.98,36414.474108389135
0,0,0,0.5391513169743121,0,33768.72609570795
1,0,1,0.594886109138193,0.98,29970.74853891192
0,0,0,1.8928957953208927,0,118590.80686258934
0,0,0,0.49109254218637943,0,30625.58246933437
0,1,1,0.026944237295538187,0.98,664.6069524716999
1,1,1,0.0012938766740262508,0.98,31.973760404351353
0,1,1,0.34385772421394767,0.98,8801.994090362548
0,1,1,0.17484503658488393,0.98,4432.278089863513
0,1,1,1.1511722802695754,0.98,29050.036923894084
1,1,1,0.26423440547659993,0.98,6636.001601510486
0,0,1,0.7375985985881537,0.98,37324.16086884325
0,0,1,0.9868172546428563,0.98,49430.39290235722
0,0,0,2.712962204464412,0,169132.44594837047
1,1,1,0.8948435980550081,0.98,22545.83013418809
0,1,1,0.32695990849410816,0.98,8304.11728202348
0,1,1,0.0704383416567733,0.98,1774.0152173663091
0,0,0,1.7893262858593706,0,111821.36181711481
0,1,0,0.3393687799689094,0,12696.990399057442
0,1,1,1.3048336579975608,0.98,33035.11609045234
1,0,1,2.2407082209100464,0.98,112697.11560368782
0,0,0,0.13365402775612686,0,8292.915427696918
0,0,0,0.81910118406689425,0,51293.573996027866
0,1,1,0.28380596172064543,0.98,7127.642983184934
0,1,1,0.15780607843771577,0.98,3957.725108021937
0,0,0,0.3805512539111078,0,23840.64261905363
1,0,1,0.048546111676841974,0.98,2450.5382548984544
1,1,1,0.641501004948646,0.98,16154.023048237386
0,1,1,3.188578970562268,0.98,80438.2355416921
0,1,1,1.14129980835588,0.98,28655.42568376733
0,0,0,0.19699199870228767,0,12261.659912784085
1,1,0,0.011207582894712687,0,397.2672298629798
0,1,1,0.7227894858809534,0.98,17977.846224103698
0,0,0,0.3871156140230596,0,23982.556666664685
0,1,1,1.0847198580902937,0.98,27571.697864972724
0,1,1,0.9803144279447319,0.98,24820.892709469736
0,1,1,0.09629175443867212,0.98,2435.291007861807
0,1,1,0.6714325044304132,0.98,16908.56450486189
1,0,1,1.4525993558669332,0.98,72960.84160317386
0,0,0,0.7559535966864473,0,47224.4424139617
0,0,0,0.26949433986632176,0,16987.611691670372
0,1,1,1.1239783623767021,0.98,28259.848911948306
1,1,1,1.0288250650612636,0.98,26169.51848638095
0,0,0,0.9300733794969441,0,58004.66861970949
0,1,0,1.182702357838762,0,43998.40297298681
0,0,0,1.4997356395474428,0,93657.8535960539
0,1,1,1.568435338419739,0.98,39629.73584507991
0,1,1,1.2482821084138873,0.98,31443.16964989866
0,0,0,0.7564773810607316,0,47557.873870041825
0,1,1,0.3318656114861369,0.98,8337.954931883021
0,1,1,0.09708591365444214,0.98,2383.033051225663
0,0,0,0.27456629276275635,0,17127.757569788668
1,1,1,0.94385759993912,0.98,23824.217693303843
1,1,1,1.1264254469004396,0.98,28721.23259216124
1,0,1,0.11001787148416042,0.98,5529.0566226417695
0,0,0,0.11128977546468377,0,6980.929211417221
0,1,1,0.08246901445090771,0.98,2080.2857558329306
0,0,0,0.11827158710546266,0,7371.3730916277755
0,0,1,2.2910592422016007,0.98,114863.74526264712
1,0,1,0.4594651311872211,0.98,23112.428336632533
0,1,1,0.9654083937984006,0.98,24475.585148414597
0,0,1,0.3384091407060623,0.98,16896.1203153988
1,0,1,0.1912474730052054,0.98,9569.52406673093
0,1,1,2.4305838937998008,0.98,61441.462028771464
0,0,0,1.4617715290838722,0,91022.635123189
1,1,1,1.9216815977448467,0.98,48513.67969256971
0,1,0,0.33816362265497446,0,12697.61226933546
0,0,0,2.124929649629331,0,132873.2774252629
0,1,1,1.0137347941798094,0.98,25784.12581281447
0,1,1,1.1901697376322868,0.98,29848.7856560523
1,0,1,0.20936027728021145,0.98,10554.418525019777
0,0,0,3.0996869726288803,0,193792.0090352895
0,1,1,0.5389769510366023,0.98,13510.210129239775
0,1,1,0.1916963658817841,0.98,4859.142410198889
1,0,1,2.440978313172923,0.98,122445.83218361746
0,0,0,0.1555896629564223,0,9709.40904724
0,1,1,2.2571691888055567,0.98,56885.32197111394
1,0,1,0.5995263680815697,0.98,30092.90298531124
0,0,0,0.12916311947628856,0,8169.482347682801
0,0,1,2.180425889201404,0.98,109238.71422289193
0,1,0,1.7348690721297506,0,65310.39867097751
0,1,1,0.007240397855639458,0.98,172.94428251842572
0,1,1,0.041570843122219384,0.98,1007.9289982299409
0,1,1,1.8095158561223987,0.98,45483.711543652964
0,1,1,0.001437465862538488,0.98,35.988306135172856
0,1,1,0.32876894110813737,0.98,8296.845989847088
0,0,0,0.007352516520768404,0,478.7105710650443
0,1,1,2.1150382059193094,0.98,53323.23843523728
0,1,0,0.6728915926069021,0,25361.189511554734
0,1,1,0.8867287914779903,0.98,22353.647560618076
0,1,1,1.1007835138169053,0.98,27883.190747571934
0,0,0,4.488318372265769,0,280875.87386556424
1,1,1,1.4856064579540733,0.98,37428.632310256886
0,1,1,0.2068686098791659,0.98,5260.2822588484405
0,1,0,0.040491207502782345,0,1488.8587690201464
0,0,0,0.16773688420653343,0,10498.763349273038
0,0,0,2.43762534203627,0,152135.7242550553
0,0,1,0.9931787773546698,0.98,50036.4758203497
0,0,0,3.1876504419553764,0,199456.6804227999
1,1,1,1.0803661420521262,0.98,27415.00213401244
1,1,1,0.2025829153135419,0.98,5119.420325173325
0,1,1,0.6123877298086882,0.98,15415.491961981148
0,1,1,2.74577637562964,0.98,69339.55724896277
0,1,1,0.49072313867509365,0.98,12378.692853374383
0,1,1,0.6197003675624728,0.98,15671.622443784672
0,0,0,0.3106350453341194,0,19227.27620986572
0,0,0,0.24658941027395165,0,15377.191059503817
0,0,0,0.4664613734566804,0,29155.860075111144
0,0,1,2.7862851543534286,0.98,139722.64409295656
0,0,0,1.379479401702893,0,86035.58969348553
0,0,0,1.596617358234127,0,99565.83376706514
0,0,1,0.3680979609489441,0.98,18465.331231574764
1,0,1,0.5829719584435225,0.98,29150.181243938983
1,0,1,3.854777937544943,0.98,193893.36349959378
1,0,1,1.7309421500278328,0.98,87100.67938090621
1,0,1,0.9679528222930552,0.98,48850.182048741015
0,0,0,1.1353382699797456,0,71089.24213747113
0,0,0,3.7439239227906476,0,234613.67749475848
1,0,1,3.163796551357556,0.98,158961.35618836505
0,0,0,2.510483087845779,0,156875.90126266057
0,1,1,0.891991902100754,0.98,22401.10577146182
1,0,1,0.7703737662685038,0.98,38658.658884185665
0,0,0,4.93503937277346,0,308089.40214668657
1,1,1,1.850022047674084,0.98,46976.47576379174
0,1,1,0.6619945322163403,0.98,16766.33469535508
0,1,1,0.1330393253084041,0.98,3329.813380786914
0,1,1,1.3093743612569693,0.98,33020.95861817629
0,0,0,1.4377747158611063,0,90321.04083730387
1,0,1,0.4129975289106369,0.98,20748.5530729753
0,1,1,0.08524302579462528,0.98,2150.7323157467354
1,0,1,0.06310931697266936,0.98,3167.290404779527
0,0,0,0.7261317897321107,0,45372.10624997245
0,1,1,0.4325075480155647,0.98,10977.177605259392
0,1,1,0.2866660598665476,0.98,7146.439404800572
0,0,0,0.4671577830055234,0,29434.11433741894
1,1,1,1.3538889443321758e-4,0.98,3.5777456752900356
0,0,0,0.6496513886377215,0,40499.60835394061
1,0,1,1.3294020723131421,0.98,66629.7913854057
0,0,0,2.4960489666259207,0,155421.5090870795
0,1,1,0.588150658743392,0.98,14871.191962082341
0,1,1,3.7969413938260255,0.98,96226.8265408067
0,1,0,0.29898960439199956,0,11181.485833369952
0,1,1,0.049087026716648365,0.98,1264.3428077469637
0,0,0,4.267876490900347,0,266017.96257175267
0,0,0,0.16713615319771613,0,10403.732251552026
0,0,0,0.21935708774253726,0,13675.560229981444
0,1,1,0.4659355612352878,0.98,11830.182002377298
0,0,0,3.0398548988807685,0,190249.90934335804
1,1,1,0.36717116879299283,0.98,9254.214695491866
1,1,1,0.2009394709020853,0.98,5177.114031454546
0,1,0,1.5171964987272266,0,56956.67309948997
0,1,0,2.2288197660417026,0,83942.27026116729
0,0,0,0.6284931413829327,0,39425.56277189993
0,1,0,1.0095473452982429,0,38024.5873569696
0,1,0,2.109549576290584,0,79436.84868844955
1,0,1,0.6168653042986989,0.98,31192.59879359475
0,1,0,0.28184498148038983,0,10535.93559508514
0,1,1,0.013947753530624152,0.98,363.584260168526
0,0,0,1.7762548494243864,0,110610.11318086668
0,1,1,0.5642304923385382,0.98,14265.679245863043
0,0,0,1.0342270986364515,0,64712.3526657618
0,0,0,0.36627871356904507,0,22833.005347212253
0,0,0,3.004417527406371,0,188395.28194821966
0,0,1,1.5489479377025608,0.98,78135.04999165756
0,1,0,0.9549240134236338,0,35588.95388144795
0,0,1,0.7607749405387656,0.98,38025.16147270366
0,1,0,1.3886961116546634,0,52274.17264290815
0,0,0,3.1595580267627397,0,197494.12634948202
0,1,1,0.3523669387213886,0.98,8824.457462400216
0,0,0,0.18386739413376726,0,11556.962162707448
1,1,1,0.6824420411139727,0.98,17323.261730040584
0,0,0,0.21869463426992297,0,13617.765840770777
0,1,1,1.1536251448284753,0.98,29135.606823282225
1,1,1,0.1772905746474862,0.98,4493.706208399877
1,1,1,2.0543042699897534,0.98,51674.89082827024
0,1,1,0.5157709955237806,0.98,13079.035919091963
0,0,0,0.04723008515944884,0,2935.012676137214
0,1,1,1.7641844320202116,0.98,44333.52100899758
1,1,0,1.5127284116202835,0,56628.58829587646
1,1,1,0.2177585321376908,0.98,5470.027063301253
0,0,0,1.0052719981920841,0,62822.606003349145
0,1,1,0.2544199051335454,0.98,6404.512256391539
1,0,0,0.8344057481315853,0,52522.97204622673
1,1,1,1.3545283386063698,0.98,34059.4754125937
1,1,1,1.6341936247417412,0.98,41272.7519426855
1,1,1,0.2799847321584821,0.98,7053.966761151856
0,1,1,0.05193509394302964,0.98,1334.3732432868471
0,1,1,0.545763221103698,0.98,13806.535667344147
0,1,1,1.3700871830386046,0.98,34743.56748940218
0,1,1,0.3062540083192289,0.98,7784.186521526614
0,0,0,1.2228607665327313,0,76267.86764741116
0,0,0,2.3864440786323313,0,149164.10642517544
1,1,1,1.2792077753272775,0.98,32166.248073181057
0,1,1,0.24479779756938502,0.98,6191.83941811983
0,1,0,0.5387696556596926,0,20336.69969002071
0,1,1,1.063881715717626,0.98,26948.271380538263
0,0,0,0.9316794768707279,0,58246.8926558356
0,1,1,0.9604258611378195,0.98,24313.211102727168
1,0,1,0.5175159624777734,0.98,25963.000479456357
0,1,1,1.4651026687675957,0.98,37019.2713285302
0,1,0,1.8086879289060072,0,67885.58828986004
0,1,1,0.32403808552771807,0.98,8101.157903578821
0,0,0,0.5216497909277678,0,32464.867214305075
0,0,0,0.4134058949528263,0,25811.225858952468
0,0,0,3.0952796114790924,0,193502.90640085822
0,0,0,2.792653830417462,0,174646.0560082729
0,1,1,0.016347807832062244,0.98,409.31844621496754
1,0,1,0.8636439721611263,0.98,43392.17600698086
1,0,1,0.2742376122623682,0.98,13679.44312686747
0,1,1,0.04413731764583352,0.98,1082.806829663684
1,1,1,0.6525069773197174,0.98,16445.450400194928
0,1,1,0.766901859971595,0.98,19470.316821786386
0,1,1,0.8926443513062717,0.98,22592.859304101974
0,1,0,0.8629035492938878,0,32411.135463345483
1,0,1,2.053434194912935,0.98,102972.37652758164
0,0,0,0.47302478458732367,0,29424.74470633216
0,0,0,1.9727224464619402,0,123070.80912415207
0,1,1,0.09787396155297756,0.98,2447.499010462716
0,1,0,0.4755350612103939,0,17763.234151684243
0,0,0,2.147882459559179,0,134549.54463013596
0,0,0,0.012095278489709173,0,759.0928714664296
1,1,1,1.1696348739367846,0.98,29608.553480150284
0,1,1,0.055450031690059694,0.98,1383.7026426550283
0,0,0,0.21998443873599172,0,13678.433531980401
1,0,1,0.0556674781255424,0.98,2801.6747015936567
0,0,0,0.4740246385335922,0,29532.49539901564
0,1,1,0.19349813601002097,0.98,4912.880765724852
1,0,1,0.5932281594723463,0.98,29769.909800078673
0,1,1,0.7778491060252247,0.98,19651.833722342788
0,1,1,0.010591462720185518,0.98,268.77168392148945
0,0,0,2.8428288676428557,0,177402.4841422501
0,0,0,0.3954267459921539,0,24873.72821411494
0,1,0,0.6746580949984491,0,25320.204842207328
0,0,0,4.665415126578284,0,292174.26950315584
1,1,1,0.6770348140586263,0.98,17004.99224339102
0,1,1,1.2631704108369473,0.98,31806.775582503185
0,1,1,0.4107517837546766,0.98,10457.917753407633
1,0,1,1.0631562554788712,0.98,53402.66948649812
0,0,0,2.479088978715873,0,155255.20656514258
0,0,0,0.8441792339265131,0,53105.31298867573
0,1,0,0.28727780282497406,0,10696.163709798018
0,0,0,0.37224847776815295,0,23170.773294491515
0,1,0,0.803062500559539,0,30054.850506877603
1,0,1,2.1659260335049395,0.98,108658.0740340524
0,1,1,0.9788821348500373,0.98,24592.51276868738
0,0,0,2.3329163881621127,0,145870.5142959666
0,1,1,0.5300020575523376,0.98,13411.769681375734
1,1,1,0.031653838232159615,0.98,778.2363100997813
0,1,1,0.9448516865654735,0.98,23884.26929347083
0,0,0,0.40965623827651143,0,25745.29106169772
0,1,1,0.23860811162739992,0.98,5926.514414788075
0,1,1,0.9628230966753941,0.98,24041.310982200906
0,1,1,0.7920732851651432,0.98,20214.325301380348
0,1,1,0.30852538300678134,0.98,7843.568221786486
0,0,0,0.7914832606491568,0,49390.31651806052
0,0,0,0.8233561971736075,0,51360.69961417177
0,1,1,0.71131200897963065,0.98,17930.110609911513
0,0,0,3.3962820245135315,0,212240.22987588888
0,1,0,0.7452481062662722,0,28233.915337202277
0,0,0,0.29024609261594025,0,18121.202566130778
1,1,1,1.7848412579947952,0.98,44696.064960943855
0,1,0,1.5383967160338405,0,57824.75260785028
1,1,1,1.6368139422589782,0.98,41030.280985315
0,0,0,0.26063334447774217,0,16302.897039363655
0,0,0,0.07463563591256946,0,4678.828171239732
0,0,0,0.48571185852455295,0,30348.997918398905
0,0,0,1.1466879276138666,0,71785.73586488988
1,1,1,1.1781587712046626,0.98,29705.794373666635
0,0,1,0.6048105284571648,0.98,30333.069272803215
0,1,1,0.2651054911937139,0.98,6670.102373935172
0,1,1,1.1061165332374099,0.98,27913.84428633318
0,1,0,0.7510987960837161,0,28402.060491435917
0,1,0,0.6919215000234544,0,25787.86908659515
0,1,1,0.24310243703194032,0.98,6051.982006800946
1,1,1,0.31178640434518456,0.98,7858.403061757402
0,1,1,0.6033568852581084,0.98,15274.471087113854
0,1,1,0.4590206816792488,0.98,11605.724335695571
0,1,1,2.5993080678066973,0.98,65484.64638365263
0,0,0,0.5433784630149603,0,34102.8678876555
1,0,1,1.336128942655773,0.98,67125.641939233
0,1,0,0.17693773796781898,0,6714.1816360657485
0,0,1,0.10790297342464328,0.98,5364.204046234591
0,0,0,1.952801069160724,0,122110.17456765626
0,1,1,1.6868629771375898,0.98,42407.22564695723
0,0,0,0.48658989975228906,0,30782.831098713486
0,1,0,0.41466268710792065,0,15377.867462487033
1,0,1,1.7407751473689321,0.98,87739.66838676108
0,1,0,0.6492983782663941,0,24325.907135323087
0,1,1,0.8718597888526441,0.98,21784.49196667774
0,0,0,0.35248446837067604,0,22116.22468181799
0,0,0,0.39853319474689936,0,24860.94166675657
0,1,1,0.33358524996666694,0.98,8294.937931262346
0,1,1,0.022075110708594733,0.98,559.2910945406015
1,0,1,1.3302912097004178,0.98,67061.56168924135
0,0,0,0.452676587412114,0,28407.607471773572
0,1,1,1.6869852542037014,0.98,42729.05570033922
0,0,0,0.7625189994341875,0,47650.918318996446
0,1,1,0.4569693268276751,0.98,11647.117285298842
1,1,1,0.3619939732408712,0.98,9137.946078959514
0,1,1,0.09307659417390823,0.98,2410.1576570539505
0,0,0,0.52778040478006,0,33111.74180159458
0,0,0,0.12471294775605202,0,7819.853735161589
0,1,1,0.1402284834461629,0.98,3500.711630410821
0,0,0,1.4081257702369236,0,88340.24323791209
0,1,0,1.6906585355636032,0,63434.18382309027
0,1,0,0.33006945562295464,0,12395.16862418253
0,0,0,0.353080955799669,0,22163.307715431034
0,1,1,0.01259900860060234,0.98,322.0858208171255
1,0,1,0.15964043233543634,0.98,7928.076441887837
1,1,1,1.4711508116775993,0.98,37236.56713100624
0,1,1,0.1832529729816755,0.98,4545.461180109729
0,1,1,1.4850301491788374,0.98,37568.343768541155
0,0,0,0.791124473283899,0,49503.75884105422
1,1,0,0.16899387631565332,0,6376.623043245272
1,0,1,0.028688599355518818,0.98,1471.4422911882184
0,0,0,2.873928248714257,0,179368.52900850784
0,0,0,1.2537880846810463,0,78290.73336650235
1,1,1,0.38545773830264807,0.98,9689.665646568896
0,1,0,0.17099168291315436,0,6348.007499051265
0,0,0,1.0353658580732468,0,64926.140847072085
0,1,1,1.1495653483596566,0.98,29087.69436289541
1,1,1,0.37493088503085836,0.98,9371.44982592001
0,0,0,1.0810819966298464,0,67206.87842580391
0,0,0,0.8716197926131012,0,54392.84432491559
0,0,0,0.2705915980041027,0,16819.579610921395
0,0,0,0.5342981060966849,0,33253.75187995547
1,0,0,2.4258024225613837,0,151490.5879461873
1,1,1,3.572843889174075,0.98,90277.5101247547
0,1,1,0.7125460821715118,0.98,18093.779103478046
0,0,0,0.9064514468935253,0,56689.4152763098
0,1,0,0.1395237846300006,0,5280.534346007007
1,1,0,0.6926560616120696,0,26028.186763861566
0,0,0,0.4013627110980451,0,25011.395723253452
0,0,0,5.4291127190778505,0,339745.7038932667
0,1,1,1.4081644564026836,0.98,35352.330090662894
0,0,0,0.927684069569123,0,58065.58875501239
1,1,1,0.0983459334820509,0.98,2437.0625390327205
0,1,1,1.0423655092963864,0.98,26523.731033927263
1,1,1,0.42640647385269403,0.98,10730.094139638344
0,1,1,0.31735519715213195,0.98,7869.82001115199
0,0,0,1.714940635403419,0,107267.52428050726
0,0,0,1.5270706488842014,0,95754.06304511978
0,1,1,2.300490723796821,0.98,58087.58882397368
1,1,1,0.12679773615673184,0.98,3220.3772279223695
0,0,0,0.5968948444351554,0,37198.50837407032
0,1,1,1.0647102335559346,0.98,26783.080005108888
0,1,1,0.23883061557251567,0.98,6018.64022664469
1,1,1,2.5535949597737555,0.98,64455.456843464344
0,1,1,1.1501307971355441,0.98,28988.848782855865
0,0,0,0.018772385083138943,0,1159.443993323702
0,1,1,2.151836017020679,0.98,54407.77474279263
0,1,1,0.023061993531882763,0.98,574.3395872729354
0,0,0,0.5819341535679996,0,36345.78599154784
0,0,0,0.39275531470775604,0,24644.098272704974
0,1,1,2.2853084261200194,0.98,58026.374747305235
0,1,1,0.15843908134529075,0.98,4012.5577915138783
0,1,1,0.016741429550954878,0.98,427.61330858198113
0,1,1,0.5200667874887586,0.98,13195.49717058398
0,0,0,0.1903142534477542,0,11754.299006105677
0,0,0,0.04107989074029099,0,2557.4285172667473
1,0,1,0.6736748986877501,0.98,33817.16306405568
1,1,1,0.15582866687327623,0.98,3922.537443055814
0,0,0,0.33734212117269635,0,21179.842632953758
1,0,1,1.7541173687325515,0.98,88202.47539470736
0,1,1,0.5313868089579046,0.98,13325.99619794905
0,1,0,1.4034508950168136,0,52737.02347449412
0,1,1,0.7792667289775731,0.98,19531.989488226085
0,0,0,0.9499304615923809,0,59539.35931931094
0,0,0,1.6410623657608274,0,103012.55618318677
0,0,1,1.619668263152088,0.98,81244.04299028323
1,1,1,0.06071586492248805,0.98,1502.4869372927035
0,1,0,0.9395200321030738,0,35215.896741806915
0,1,1,3.118557616900254,0.98,78614.50064639407
1,0,1,2.1363398344969515,0.98,107252.05522458395
0,1,1,0.8418422722768905,0.98,21490.87257494621
0,0,0,3.000218272041131,0,186657.03668979302
0,0,0,0.9606445364120868,0,60025.73640731571
0,0,0,0.6890944596379995,0,42858.8723740521
0,1,0,0.22688171826303005,0,8500.965925447446
1,1,1,0.898451450238836,0.98,22758.491708032787
1,0,1,0.21366368952714038,0.98,10750.126810392792
0,1,1,0.15338698582913546,0.98,3878.91580457352
0,1,1,1.0244294497695687,0.98,25833.498338835965
0,1,1,1.1663034045648697,0.98,29462.405187706576
1,0,1,0.36519543919712305,0.98,18215.66639867118
0,1,1,1.195641765328956,0.98,30300.644054325003
0,0,0,1.5220816060060505,0,95363.98609002432
0,0,0,2.30730168322537,0,144022.8884748364
0,0,0,0.032852303702384233,0,2042.603090001514
0,1,1,0.6958167673599841,0.98,17614.669984321274
0,0,0,0.6903439187444746,0,42850.02756512689
0,1,1,2.9057962967265136,0.98,73292.66339787703
0,0,0,0.009058572817593813,0,565.7057898726672
1,0,1,1.856496829455519,0.98,93066.38725747807
0,1,1,0.4204245335422456,0.98,10562.153482172298
1,1,1,0.8899213755858524,0.98,22514.574707481446
0,0,0,1.311104399110091,0,82093.16024081704
1,0,1,0.4581748478168368,0.98,22812.093068629798
1,0,1,1.0866619310853007,0.98,54521.35977706717
1,0,0,1.032281586397012,0,64660.65174840772
1,1,1,1.0250727543492162,0.98,25672.20399391412
0,0,0,0.15193758596313933,0,9587.80128993338
0,1,1,1.5984400696212295,0.98,40451.24940644782
0,0,0,0.22297828291626304,0,13893.445932731662
1,1,1,0.013763859868049622,0.98,318.36654543410526
0,0,0,1.5380251776873282,0,96040.97560744845
0,0,0,1.9755846031743447,0,123608.1949532252
1,1,1,5.202728436965729,0.98,130924.39449376147
1,0,1,0.1998371509835124,0.98,9946.26798634748
0,0,0,1.684837356973472,0,105057.17547206582
0,1,0,0.668832526076585,0,25065.316584208867
0,1,1,0.30810957541689277,0.98,7829.028830877657
0,1,1,0.3584900746521572,0.98,9054.723173604474
0,0,0,0.6019453126937151,0,37741.70562261941
0,1,1,0.5312179941684008,0.98,13376.072909678081
0,1,1,1.904328381558681,0.98,48269.05390406195
0,1,0,0.2756510633043945,0,10284.998367042632
0,0,0,0.9458699617114784,0,59327.36917303679
0,1,0,0.35573803167790174,0,13311.705895773359
0,0,0,0.3657806907821496,0,22962.146974277075
0,1,1,0.2147426689043641,0.98,5383.552397118725
1,1,1,0.09229618962854147,0.98,2359.2337831479476
1,1,1,0.9310558357419294,0.98,23517.322866202732
0,0,0,2.260318518272114,0,141458.62980561625
0,0,0,0.9537504175257804,0,59424.40791439399
0,1,1,0.6693418500944972,0.98,17058.63455674034
0,0,0,0.8072639740583422,0,50594.92280095726
0,1,0,0.9942191857424499,0,37281.02789366852
0,1,1,3.1542354522455223,0.98,79782.32561821953
1,1,1,0.21125871781259775,0.98,5384.674205202462
0,1,1,0.3830794468522072,0.98,9560.392143799576
0,0,0,0.6433794582262635,0,40050.78710688786
0,1,1,3.459049887005398,0.98,87509.56958890239
0,1,1,0.4750911801483943,0.98,11985.522824283596
1,0,1,0.844903132175032,0.98,42238.75107499965
0,1,1,0.24620895865924078,0.98,6256.045753422942
0,0,0,1.4766171833315624,0,92133.31587947355
0,1,1,2.1551783139488463,0.98,54691.96166568672
0,0,0,0.19607349680804598,0,12312.739653380388
1,1,1,3.252131670545388,0.98,82113.14377351379
0,0,1,0.4769289521500468,0.98,23885.632769219457
1,1,1,0.3123908215202391,0.98,7815.469047537008
0,1,1,1.2373199285519245,0.98,31241.86524542734
0,0,1,0.882884705986006,0.98,44329.26068840119
0,1,1,2.1225376370033984,0.98,53577.27824635094
0,1,1,0.5067568840458989,0.98,12796.635455663667
0,0,0,0.1865988951176405,0,11735.101802212537
1,1,1,0.026783761043415052,0.98,667.5129154849568
0,0,1,0.3214776026998742,0.98,16254.695921783776
0,1,1,1.540133289908791,0.98,38831.47583245278
0,0,0,0.6875400394201279,0,43100.335847765695
0,1,1,3.423612564634133,0.98,86281.56601504881
0,1,1,1.1685054646384838,0.98,29557.55732310976
0,0,0,2.3378864693126444,0,145961.26449576495
0,0,1,0.997653699437988,0.98,50184.82536480759
0,1,1,0.22904069244114855,0.98,5821.210461920628
0,1,1,0.2743737087585032,0.98,6893.481612492667
1,0,1,0.6021297783590853,0.98,30499.77413535905
0,1,0,0.439995679538697,0,16466.098655474543
0,0,0,1.9230888797366399,0,120047.71061531114
0,1,0,4.1181929016248,0,154028.01855571577
1,1,0,0.2968975189141929,0,11046.167387861793
0,1,1,0.22557362163161454,0.98,5692.74638739547
0,1,1,0.8163361930999473,0.98,20590.909692581
1,1,1,0.030780883682044888,0.98,772.4942670236443
0,0,0,0.8734120990125408,0,54689.77305120873
0,0,0,1.6828923578465227,0,105139.76339916007
0,0,1,0.5716794286854565,0.98,28789.485787670554
0,0,0,0.9066566009784923,0,56459.7334690062
0,1,1,0.30644839060544327,0.98,7767.648907077803
0,1,1,1.0538924987939122,0.98,26687.36588234465
0,0,0,0.49952719546854496,0,31217.111657758815
0,1,0,0.911646215619066,0,34082.02828026583
0,0,0,0.30592382525154654,0,19193.53293893313
1,1,1,0.2883420488797128,0.98,7270.995141041943
0,0,0,1.3864551744514946,0,86580.99846751781
0,1,1,1.4543016552084926,0.98,36830.32876556673
0,0,0,1.924700545063043,0,120562.5609847034
1,1,1,0.12081933720037341,0.98,3028.4472593215028
0,0,1,0.15296564289956285,0.98,7600.3683662779595
1,1,1,1.3478771047246578,0.98,34085.42588825307
0,1,1,0.12438800185918808,0.98,3142.621911811372
1,0,1,0.5701146139763296,0.98,28656.87969016825
1,0,1,0.07157442450757351,0.98,3631.310762244927
1,1,0,0.26360109308734536,0,9894.42550598536
0,0,0,0.7035029659228481,0,44043.84287317129
0,1,1,0.6205783574841917,0.98,15574.958221117127
0,1,1,0.8298338166949274,0.98,20895.046597844692
0,0,0,0.33106110244989395,0,20695.106272194724
0,0,0,1.3264326648366573,0,82785.24841494708
1,0,1,0.5727053605951369,0.98,28799.63997307394
0,1,1,0.7651074872863414,0.98,19369.059006446074
0,1,1,2.1006538826990515,0.98,53021.91717336773
1,1,1,0.562917148694396,0.98,14352.661919878441
0,1,1,1.4896796642893795,0.98,37775.58999788211
0,0,0,0.31932477559894323,0,19815.30969798152
0,0,0,0.7405012543135548,0,46347.52633357529
0,0,0,0.6012009428399901,0,37549.58515996269
1,1,1,0.5726724578998983,0.98,14574.849620947525
1,1,1,0.487969228066504,0.98,12254.79975153632
0,1,1,3.3390836341488845,0.98,84015.90183959309
0,0,0,0.9687181645106746,0,60646.069778331504
1,1,1,0.2680125650196284,0.98,6714.612182457316
0,1,1,0.08051295997574925,0.98,2061.2753126063485
0,0,0,0.5139901652000844,0,32142.058850868958
0,0,0,0.631279497873038,0,39370.19947438426
0,1,1,0.12146813096478581,0.98,3043.2179171901353
0,1,1,0.25700506288558245,0.98,6440.8728847468565
0,0,0,0.11894258297979832,0,7490.23487332408
0,1,1,1.6138001195246223,0.98,40552.386344174956
0,1,0,0.23545755352824926,0,8877.68664340567
0,1,1,0.35914880130439997,0.98,9018.202473027646
0,0,0,1.3635400188666704,0,85064.31167280607
0,1,0,0.09619535073018616,0,3620.4718734263324
0,0,0,1.9381003732884172,0,121102.13181852462
1,1,1,0.5011899177916348,0.98,12727.61896579325
0,0,0,0.9103363593662208,0,56913.561143315674
1,1,1,2.2392328659674887,0.98,56559.01288851274
0,0,0,0.9403643406864304,0,58650.70571248692
0,1,0,0.20189879881218076,0,7503.618371935464
1,0,1,0.6512380731292069,0.98,32784.75706721145
0,0,0,0.6908328444696963,0,43257.389012911975
1,0,1,0.7108820518688903,0.98,35906.107949384605
0,0,0,0.12022254429757595,0,7426.974208112753
0,0,0,1.1869374080554076,0,74394.63348781972
0,0,0,0.34078564681112766,0,21304.19527718771
0,0,0,0.3663502405202103,0,22929.074390927944
0,1,1,0.30379021540284157,0.98,7725.783282237646
0,1,0,0.04904747442063376,0,1826.198176933878
0,0,0,0.5198269202373922,0,32573.02811840673
1,0,1,1.286881947847915,0.98,64643.78881045435
0,1,0,0.12955889524891973,0,4835.024462273576
0,1,1,0.6381953456439078,0.98,16323.59835418737
0,0,0,0.41946357069537044,0,26351.456743600032
0,1,1,2.315860612191892,0.98,58624.84202846246
0,1,1,0.03580996685934896,0.98,901.5975646349468
0,0,0,1.3240813752216223,0,82383.55851106918
1,1,1,1.165323356124473,0.98,29412.211707687624
0,1,1,0.4204664104618132,0.98,10702.58319813053
1,0,1,1.2643055002716306,0.98,63799.15626336473
1,1,1,0.6792319528758526,0.98,17192.25482528498
0,0,0,0.3595790408882272,0,22439.218889897104
0,1,0,3.478701686276556,0,130798.32908214786
1,0,1,0.37588676903396845,0.98,19009.783039449827
0,1,1,2.677200617142654,0.98,67512.58136771264
0,1,1,1.5787554265117207,0.98,39690.519259767265
0,1,1,0.4591674250550568,0.98,11664.197078258652
0,1,0,0.39777362206950784,0,15032.65127135123
1,0,1,0.5406121807754561,0.98,27144.57487313629
0,1,1,1.6330958600689462,0.98,41324.021251417194
0,1,1,0.1285950376727584,0.98,3192.7104291329615
1,1,1,0.017122513614594936,0.98,402.28136288415413
0,1,0,1.2530284393158677,0,46762.322201877556
1,0,1,1.048619464929116,0.98,52852.225688015045
0,0,0,0.44318298529833555,0,27796.653173455674
0,1,1,1.9301163530835075,0.98,48961.44896679602
0,0,0,0.13115395791828632,0,8227.82767873734
0,0,0,1.0105259734717134,0,62899.06337824727
0,1,0,0.16253800597041845,0,6077.748066239278
0,1,1,1.7219556792730335,0.98,43629.70991455021
1,0,1,0.17152358344961202,0.98,8686.94346203068
0,0,0,0.15777400927618146,0,9796.036575611022
0,1,1,0.14725022623315454,0.98,3719.5738533449203
0,1,1,2.001898048896945,0.98,50636.63023273186
0,1,1,0.4696700531682668,0.98,11833.367815471742
0,1,1,0.26293213479220867,0.98,6672.041419774555
1,0,1,0.6666351156309247,0.98,33583.5414239088
0,0,0,0.6756726517342031,0,42241.83751906343
1,1,1,0.7212236604484249,0.98,18251.05790291194
0,0,1,0.29669009102508426,0.98,14933.583035106045
0,1,0,1.7859428356492761,0,66935.94133298323
1,1,1,0.6519847824238241,0.98,16522.14073904603
0,1,0,0.3271601927586356,0,12200.928235478008
0,0,0,0.8771181521670259,0,54760.8110556647
1,0,1,0.24167022109031677,0.98,12000.881105112094
0,1,1,0.7081149656287491,0.98,17894.04050482115
0,0,0,1.7889288327747825,0,111809.23433891461
1,1,1,0.8256108089861395,0.98,20895.63843903777
1,0,1,0.5340846441686153,0.98,26914.843901593908
0,1,1,1.8905312473976854,0.98,47693.41373283571
0,1,1,0.9381602517840387,0.98,23669.465977458083
1,0,0,0.07590418821200728,0,4713.073039588523
0,1,1,3.1830105854380615,0.98,80195.3977452452
0,0,0,0.07674323414825789,0,4826.94941457
0,0,0,1.17361211958797,0,73432.49396840713
0,1,1,0.44490624764724945,0.98,11168.62606655067
1,0,1,2.1638253609320883,0.98,108843.1465894467
1,0,1,0.09085678867995739,0.98,4594.126879432037
1,0,1,3.044175758789826,0.98,152846.65884434513
0,1,0,0.018230026986748176,0,682.4010471106817
0,0,0,4.182472094715821,0,260785.49307468144
0,1,1,0.04417182292046619,0.98,1120.8877069371235
0,0,0,3.191238440405179,0,199284.12702677498
0,0,0,0.0979060884565115,0,6057.033703747335
0,0,0,4.981136782584089,0,311151.4407517812
0,0,1,0.1089606620179424,0.98,5417.62756450097
0,1,1,1.1086774989542487,0.98,27953.51611678971
0,1,1,0.7379692466509463,0.98,18613.683879965174
0,1,0,0.16663264579937076,0,6184.7708938500955
1,0,1,2.5376751552006964,0.98,127648.98412945791
0,1,1,0.6670694299973547,0.98,16848.91443411484
1,0,1,1.8837903871028812,0.98,94284.18872292439
0,1,0,0.44111040115091427,0,16418.754643196302
0,1,1,0.707105118739319,0.98,17809.6310822461
1,1,1,0.31562270768941003,0.98,7913.534936677483
0,1,1,0.1650202563032508,0.98,4152.42912700495
0,1,1,3.351032599638749,0.98,84381.91567143227
1,0,1,0.9048653449443104,0.98,45791.76218767281
0,1,1,0.14059350825846195,0.98,3505.1770008440153
1,1,1,0.04770830227062106,0.98,1224.7500601507647
0,1,1,0.660298848990351,0.98,16850.455968197464
0,0,0,1.5370983536446337,0,96226.69804423439
0,0,0,0.5081224855966866,0,31566.667864655992
0,0,0,1.9714537411087993,0,123025.19018020177
0,1,1,1.3357506272894266,0.98,33871.80387532754
0,0,0,0.4320938412090883,0,27136.01839990183
0,1,0,0.3435319005511701,0,12979.421005641336
0,1,1,0.6661418126896024,0.98,16801.77989687247
0,1,0,1.4705504756158903,0,55118.70538733892
1,1,1,2.206829117485023,0.98,56058.314226408365
0,0,0,0.0177595978602767,0,1108.5406166281828
1,1,1,0.28158274606007255,0.98,7122.439921741838
0,1,1,0.5316356741823256,0.98,13491.320254363227
0,0,0,0.26301904674619436,0,16433.514915263455
1,1,1,0.7582088628630899,0.98,19015.481725230147
0,1,1,0.7062944024381163,0.98,17909.935206874747
0,1,1,0.02888720875641936,0.98,750.9499548644161
0,0,0,2.2835005986175303,0,142686.9865447554
0,1,0,0.9964983508532905,0,37221.94476190935
0,0,0,0.6365235899575055,0,39696.0581609795
0,1,1,0.15162038896232843,0.98,3733.8470225366573
1,0,1,1.1597709487703565,0.98,58275.62237244855
1,0,1,3.023321181367684,0.98,152478.83230549778
0,1,1,1.7480401861572508,0.98,44171.45032832748
1,1,1,3.1047658471572883,0.98,78563.70166781015
0,0,0,1.403588853870477,0,87897.23846215356
0,1,1,0.24293749030915346,0.98,6096.363371168345
0,0,0,0.7625079564330103,0,47607.84637266338
0,1,1,0.505950650665909,0.98,12776.922279191162
0,0,0,0.20873970072716475,0,13062.295420319315
0,0,0,1.1304332939487818,0,70398.16793640425
0,1,1,0.5582161615602672,0.98,14044.752593426983
0,1,1,0.06770775945568826,0.98,1652.549274271935
0,0,0,0.6743040736764669,0,42225.74254870187
0,0,0,1.1509472298947099,0,72026.27234434783
0,1,0,0.6558614685200155,0,24594.67663202132
0,1,1,0.4180468235662122,0.98,10473.6174700581
0,1,1,0.3137627934038552,0.98,7962.73176256917
1,1,1,0.1719650742597878,0.98,4412.684974387914
0,1,1,0.5112215685658157,0.98,12904.096670780902
0,1,1,0.2175937214632212,0.98,5486.442990676761
0,0,0,0.8844722983938577,0,55054.21229251275
0,1,1,0.026302336562498616,0.98,647.7855439198166
0,1,1,1.649682326067762,0.98,41762.871117407616
1,1,1,0.5433116015046835,0.98,13628.390029851103
0,0,0,0.5191371510736644,0,32336.40912743886
0,1,1,0.17533067805931202,0.98,4399.039950904149
0,0,0,0.09052566112950444,0,5608.757896171396
0,0,1,0.7039487678137543,0.98,35244.42897597678
0,1,1,0.420058639254421,0.98,10584.365632620147
0,1,1,0.0683086789213121,0.98,1705.3852745853687
1,0,1,3.455017000268746,0.98,173969.37041118366
0,1,1,0.8539929268461587,0.98,21484.303676804753
0,1,1,0.5564545374363661,0.98,13996.17859476019
0,1,1,0.051003954284736454,0.98,1266.7844869082062
0,1,0,0.9656137665313603,0,36312.69452668843
1,1,1,0.8911190609958889,0.98,22498.393774344768
0,1,1,0.8174442024481418,0.98,20595.600771253434
1,0,1,0.0598916009415351,0.98,3004.706558455815
0,0,0,2.2187917257552168,0,138275.06423007374
1,1,1,0.25463401150381054,0.98,6378.998405335927
0,1,1,0.11501018907441132,0.98,2919.4538718125386
0,1,1,1.092468913935729,0.98,27472.7159135748
0,1,1,1.00803222689302,0.98,25271.374563321297
0,1,1,0.8019404460170751,0.98,20317.238382871856
0,0,0,2.3660543690106635,0,148011.28134099196
0,0,0,0.18692830204963684,0,11674.905779393614
0,1,1,0.3404432889074087,0.98,8557.349634832675
0,1,1,1.5608007720762733,0.98,39518.26167192362
0,0,0,1.8152626230472568,0,113372.32032357193
0,1,1,4.316030432734702,0.98,109333.31967460125
0,0,0,0.40645896818104194,0,25521.19516203881
0,1,1,0.13076639560593323,0.98,3315.2777682427795
0,0,0,1.578201889907742,0,98489.00118091384
0,1,0,2.736879458524919,0,102682.6441061655
1,0,1,0.6138242576271296,0.98,30795.174338218883
0,1,1,0.22352812625467777,0.98,5607.872105717484
1,0,1,0.9161670086485268,0.98,45982.34640901544
0,0,0,1.083421902689052,0,68061.36814250369
0,1,1,2.5279056484482054,0.98,63617.832688087845
0,0,0,2.1140672849187063,0,132529.83910513986
0,0,0,0.38652311358600855,0,24202.690332169368
0,1,1,0.4430192266590893,0.98,11091.970208938399
0,0,0,2.485171535857654,0,155397.41383670308
0,1,1,1.3882251393104346,0.98,35189.22901460395
0,1,1,0.13256200589239597,0.98,3399.146946440301
0,0,0,1.4353389528655036,0,89768.57947961375
0,1,1,1.1980463470843556,0.98,30127.945538101092
0,0,0,0.8220915207219245,0,51474.61038627731
0,0,1,0.0037509796011094975,0.98,198.68616244437902
0,1,1,0.32351228549295935,0.98,8216.604926443613
0,1,1,0.43727015517652035,0.98,11029.668502616783
0,1,1,3.8461627417937527,0.98,97153.72137621274
0,0,1,0.2745840665884316,0.98,13664.315682881057
0,1,1,0.9962194771405402,0.98,25288.76644315065
0,1,1,4.563033867375327,0.98,114782.9899468959
0,1,0,0.4188843884892313,0,15689.634580759941
0,1,0,0.8888773656961443,0,33340.06057272613
1,0,1,2.3558660651228194,0.98,118505.27549042711
0,1,1,0.5943390908651054,0.98,14963.22001099614
0,1,0,0.8630494586703302,0,32472.923275834666
1,0,1,1.012166324029577,0.98,51075.972372623364
0,0,0,4.094156672968031,0,254894.3344734012
0,1,1,0.46606206163966146,0.98,11803.431682096985
0,1,0,1.8993485047573093,0,71173.4401741964
0,1,0,0.3734675678424537,0,14012.541386782377
0,0,1,0.1740725408308208,0.98,8788.132924550146
0,1,1,0.02214578805147861,0.98,578.2566407283878
1,1,1,0.46938773011788726,0.98,12018.959446826704
0,1,1,0.164805629062071,0.98,4153.963749581373
0,0,0,0.9244378953752043,0,57885.76774978805
0,0,0,0.3480210565030575,0,21783.11955128144
0,0,0,0.3116946117952466,0,19549.82046704223
0,0,0,0.5841478011570871,0,36434.82836376623
1,1,1,0.15043350122869015,0.98,3834.142245524573
0,0,0,2.223088685005851,0,138952.0845838521
0,1,0,0.7102885851216437,0,26739.83270874647
1,0,1,2.0246387365365273,0.98,101786.8187273943
0,1,1,1.8620490077042822,0.98,46898.06645770157
0,1,1,1.4657737928533796,0.98,36881.41517255494
0,0,0,1.1314822192815068,0,70437.38754385873
0,0,1,0.07864502118900418,0.98,3989.938972734243
0,1,0,2.7403847071013216,0,102632.06170731876
0,1,1,0.9574466263455274,0.98,24185.58608723929
0,1,0,2.1296363627190673,0,79583.75467994623
0,0,0,1.5397572236615855,0,96584.22202364131
0,1,1,2.0509849171245342,0.98,51371.08308812203
0,0,0,0.7051278687593462,0,44254.52662049537
0,0,1,0.6433823257833053,0.98,32298.632918875155
1,1,1,2.885917685757924,0.98,73370.14264582632
1,1,1,0.10719430586323142,0.98,2694.813705384717
0,0,0,0.3157946811544656,0,19516.321537896005
1,1,1,0.40376213887350415,0.98,10185.5020169435
0,0,0,0.026298082914221702,0,1620.282938943603
0,0,0,0.833054050948507,0,52290.89559841685
0,1,1,0.3094235616736114,0.98,7906.639401097151
0,1,1,0.767351117874396,0.98,19383.8518709699
0,1,1,0.4533514273352921,0.98,11506.162208483387
0,1,1,0.7401584432971599,0.98,18694.795847839476
0,0,1,2.5984580832204585,0.98,130688.79841581079
0,1,1,0.32513343216851354,0.98,8285.211793260449
1,0,1,0.14769239677116275,0.98,7528.258197733595
1,0,1,0.32110511139035225,0.98,16096.5450670471
0,1,1,0.6416377415880561,0.98,16247.215496843395
0,1,1,0.7016213576598935,0.98,17578.485692382652
0,0,0,0.7060731989627851,0,44276.25052336911
0,1,1,1.439645434530029,0.98,36371.306441792905
0,1,1,1.3068905397829536,0.98,32737.543208924002
0,0,0,0.177107191498682,0,11146.26711835735
0,0,0,0.3807250722311437,0,23893.199786173678
1,0,1,0.7869609038237647,0.98,39592.86385739747
0,0,0,1.0541922096871033,0,65842.79273624587
0,1,1,0.7962937689897539,0.98,20173.96137394141
0,1,1,1.2479721828875068,0.98,31742.662050951734
0,1,1,1.0431511476215842,0.98,26216.94368503592
0,0,0,0.49991405522450805,0,31352.91353150016
0,0,0,2.29972957993362,0,143562.83746069274
0,0,0,0.012476965513516665,0,773.1578732103841
0,1,1,0.19626529168985496,0.98,4916.5761291899
0,0,0,0.0890701524913311,0,5555.203398756368
1,1,1,0.36488216927341405,0.98,9186.307720604285
1,0,1,1.2665208698761585,0.98,63717.864679452134
0,1,1,0.1335863237871419,0.98,3349.6424171108915
1,0,1,0.22937951376661658,0.98,11393.634509622634
1,1,1,0.6034404751844704,0.98,15284.904812293998
1,1,1,0.09777614502810072,0.98,2510.1926945009623
0,1,0,0.5639644442126155,0,21262.60741841952
1,0,1,0.8627172722054708,0.98,43543.48446722617
0,1,1,1.8234458155089859,0.98,46101.54233830392
0,1,1,0.1843702858313918,0.98,4756.970309790998
0,1,1,0.1491534233190892,0.98,3712.483602595388
1,0,1,2.7273286263129477,0.98,137164.83284497607
0,1,0,1.3726567243737104,0,51488.25978871359
1,0,1,0.41117214830592275,0.98,20664.476552084125
0,0,0,0.44970136880874634,0,28087.067539365642
0,0,0,2.211512524773,0,137768.647357701
0,0,0,0.39244065899401903,0,24735.576134716575
0,1,1,2.47459717641089,0.98,62733.65878057887
0,1,1,0.866088032680464,0.98,21789.103105172202
0,0,1,1.7138471100815953,0.98,86160.61035015156
0,0,1,1.8642875681722406,0.98,94068.5988837747
0,0,0,0.02662895677916336,0,1660.0657217474818
0,0,0,1.300516846547735,0,81266.93927905889
1,0,1,2.1442715841016535,0.98,107986.45515901066
0,1,1,0.029558124819520085,0.98,753.3212111840182
1,1,1,0.5070436131209135,0.98,12860.326448959177
0,0,0,0.6352270818315446,0,39752.01082211714
1,1,1,0.7401344524276378,0.98,18556.848725956814
0,0,1,1.8334603681320194,0.98,92413.91428651083
0,0,0,0.6374586294405162,0,39863.48023671155
0,1,1,0.35488174157217145,0.98,8875.672142222646
0,0,0,0.16735602551497952,0,10421.15875808232
0,1,1,2.9944223381889996,0.98,75728.89960703744
0,0,0,1.296634331303549,0,80912.04852872354
0,1,1,0.6355039720466211,0.98,15949.28160941254
0,0,0,1.2345508224842074,0,77020.8881225421
0,0,0,1.1945728649896505,0,74452.16336127122
1,1,1,1.0967852361080173,0.98,27732.259047052004
1,1,1,1.1582676860098158,0.98,29359.54567532048
0,0,0,0.4837902570143342,0,30218.60408605217
0,0,0,0.12066167267039418,0,7586.005362411958
0,0,0,0.5365187620727384,0,33432.803708942956
0,1,1,0.6004657526500523,0.98,15232.355899335551
1,1,1,0.13503114416672052,0.98,3430.3458621015557
0,1,1,0.39304767409339547,0.98,9963.48321804548
0,1,0,0.9559257179078581,0,35962.39794845452
0,0,0,1.7968254628167457,0,112106.64925120755
0,0,0,0.300001981202513,0,18646.95113634341
0,1,1,0.2823677468113601,0.98,7145.99757825047
1,1,1,1.0608862787065032,0.98,26892.742023490602
0,1,1,3.020323030482579,0.98,76493.13647544447
0,1,1,0.6481186025775969,0.98,16459.21277938279
0,0,1,0.19707241600362452,0.98,9908.06398793357
0,1,0,0.47931645810604095,0,17998.407072446647
0,1,1,0.5908617917448282,0.98,14844.144719217544
1,0,1,1.5752283985817674,0.98,78895.57468246645
0,0,0,0.21396379823577913,0,13404.703107417112
0,1,1,0.4082022001966834,0.98,10256.379081793282
0,0,0,0.17681611981242895,0,11005.888870770543
0,1,1,1.0526861375469894,0.98,26596.288793191048
0,0,0,0.7122457632374884,0,44660.643129799246
0,1,1,1.1132054796262192,0.98,27998.232024495
1,1,1,0.6546672382391989,0.98,16580.017440487598
1,1,1,1.7027062400335315,0.98,43095.951732382666
0,1,1,0.4491118020378053,0.98,11405.468158103313
0,0,0,0.5065648686140776,0,31756.103012570875
0,1,1,0.03974980115890503,0.98,1005.5693505151705
0,1,0,0.4576403722167015,0,17037.808018044514
0,1,0,0.2025268072007814,0,7527.251082713315
0,1,1,3.75289537912579,0.98,94601.11499591754
0,0,0,1.0583685421896103,0,66281.74844756354
0,0,0,2.878369454960812,0,180406.6950682439
0,1,0,0.5778440828435123,0,21626.198067239846
0,1,0,0.2449552146717906,0,9195.094341668017
0,0,0,0.23424657993018627,0,14724.704363884233
0,0,0,1.2021511941728118,0,74828.6559633844
0,0,0,0.06196052907034755,0,3912.0083082497886
0,1,0,0.8309440159470511,0,31241.025438547396
0,0,0,0.3473382764495909,0,21799.092580929548
0,1,1,0.24089452298358083,0.98,6117.231796580495
0,0,0,1.0565005177211884,0,65808.17806666673
0,0,0,2.946404002438832,0,184076.15373027237
0,0,0,2.2839412669322257,0,142553.04453508504
0,0,0,0.23395169487808679,0,14706.727196203638
0,1,1,2.066927095791126,0.98,52289.71199173041
0,1,1,1.3515283297327283,0.98,33943.0015029245
0,1,0,2.006469366987968,0,75327.79301653501
0,1,1,1.100416462826443,0.98,27660.85235542779
0,0,0,0.1014873331592856,0,6379.793146635866
0,0,0,0.18711786530911922,0,11632.334138900009
0,1,1,0.8302672247914941,0.98,21035.77360316135
0,0,0,0.16748443990945816,0,10413.881601191868
0,1,1,1.16375593836875,0.98,29273.35512200124
0,0,0,1.0693356402344407,0,66986.4582452172
0,0,0,1.2303666462701681,0,76768.69045974275
0,1,0,0.27476720744743943,0,10368.901715583583
0,1,1,0.6576482676900923,0.98,16593.324600153268
0,0,0,1.174327041911793,0,73360.40052843002
0,1,1,0.540253319311887,0.98,13736.531561404086
0,1,0,0.6327760783024132,0,23604.55942439642
0,1,1,0.35820262134075165,0.98,9074.115585487785
0,0,0,0.46000557160004973,0,29066.788329362895
0,0,0,0.8026854060170175,0,49984.96321341242
0,1,1,0.5504050832241774,0.98,13866.601526297114
1,0,1,0.6906507262028754,0.98,34684.33759919026
1,0,1,3.784326215995909,0.98,189749.27602264134
0,0,0,0.7663373509001853,0,47789.652805021615
0,0,0,1.4969883853755248,0,93069.61421175774
0,1,1,0.5332194427028298,0.98,13483.337354703917
0,1,0,1.7758431070397078,0,66551.45826527606
0,0,0,1.5146993028202536,0,94441.08298304722
0,0,0,1.4470768821326876,0,90641.64295850189
0,0,0,0.4986134357750416,0,31351.50540525243
0,0,0,2.6477748135707144,0,165589.68041193782
0,1,1,0.30432915361598134,0.98,7819.9421341285015
0,1,1,0.3247461747378111,0.98,8264.112423919132
0,0,0,2.1958821135244135,0,137038.47344112388
1,0,1,0.4055740414187312,0.98,20438.647094198415
0,0,1,0.9406544594462134,0.98,47098.44793827374
0,1,1,0.8516129618090512,0.98,21554.373360276575
0,1,1,0.6138404295779765,0.98,15477.724543424965
0,0,0,0.2140901400707662,0,13360.299260953563
0,0,0,0.16705171738372768,0,10507.446169191051
0,0,0,0.08763497462496161,0,5474.573130385487
0,1,1,1.4581129846103824,0.98,37004.699965845684
0,0,0,0.5103393835015595,0,31914.974449745794
0,1,0,1.2945508462888125,0,48640.724730255875
0,1,0,0.003536427393555641,0,117.14641554955212
0,0,1,4.130392750515105,0.98,207360.32727989048
0,0,0,0.01057237735027755,0,668.791699206184
1,1,1,0.8573345867021793,0.98,21820.97489582224
0,1,1,2.247987406202293,0.98,56915.457607198914
0,0,1,0.46768418280407786,0.98,23424.40051682845
1,1,1,0.7712741195735456,0.98,19480.315726887326
0,0,0,0.33258140459656715,0,20865.02867924603
0,0,0,2.1841693759777536,0,136290.73425069483
0,0,0,3.3723080380070694,0,211026.37476806386
0,0,0,0.6172037691429934,0,38503.86781067102
0,0,0,0.11378774791955948,0,7119.421185231334
0,0,0,0.617610989138484,0,38557.85584653488
0,1,0,0.2423005409759231,0,9092.304128256807
0,0,0,0.6952049145054938,0,43529.574547531556
0,0,0,0.297079223765887,0,18350.07033970877
0,0,0,2.1383276934406523,0,133895.32840602193
0,0,0,0.5885169641114771,0,36817.16131575362
1,1,1,0.8345130849209549,0.98,21262.83371138787
0,0,0,0.430675707757473,0,26678.840082663155
1,1,1,1.1418541167648135,0.98,28709.37120864423
1,0,0,0.3942636828869581,0,24768.942727782352
0,0,0,0.08495531279326735,0,5412.132739723305
0,0,0,0.016905266422878547,0,1024.0360166177718
0,0,0,0.03937003903973665,0,2520.2553364290156
0,1,1,0.21198551852512346,0.98,5405.20592203388
0,1,0,0.1820711144246161,0,6886.755336713636
0,1,1,3.842550923837782,0.98,97194.22437761816
1,1,1,4.612697113053275,0.98,116812.01616293023
1,1,1,0.38462472787109153,0.98,9699.006582312046
0,0,0,0.14245229260995984,0,8892.962363487373
0,0,1,0.04559558490291238,0.98,2343.9239653981117
0,1,1,0.4488577929699033,0.98,11382.099169318773
0,0,0,2.1886659989735846,0,136160.8153159714
0,0,0,2.023787563582683,0,126470.91883372841
0,0,0,0.39252513757375873,0,24548.449319271156
1,0,1,0.3569753556512296,0.98,17852.217909088842
0,0,0,1.0874059963551286,0,67979.04107880202
0,1,1,1.8350431601608042,0.98,46190.41220503376
1,0,1,1.3851630808365467,0.98,69438.05883464846
0,1,0,0.36961394992018154,0,14001.817528363827
0,0,0,2.3033488223931555,0,143834.89304736236
0,1,0,0.8055963627573969,0,30266.18382849769
1,1,1,0.9612235901457192,0.98,24384.16870456744
1,0,1,0.21973924338817596,0.98,10954.206004505535
0,0,0,2.238364258655048,0,139973.37426477624
0,0,0,0.3751782923936844,0,23561.37920040565
1,1,1,0.48943008529022336,0.98,12325.63865983561
0,1,1,0.38595241820439696,0.98,9798.394944246174
0,1,1,0.7303316464732936,0.98,18556.549767826196
0,1,0,0.5702859577722847,0,21507.56158587368
1,0,1,1.6863320580774788,0.98,84345.05206766707
0,0,0,0.2966674054041505,0,18585.08565682427
0,1,1,0.008806504309177399,0.98,224.2150491822288
0,1,1,0.024567964486777782,0.98,614.211569448591
0,0,0,0.31944155103154964,0,19811.797424486613
0,1,1,0.22043004725922577,0.98,5609.665188638794
0,0,0,2.005522362803841,0,125337.93313292858
0,1,1,0.9284925264817597,0.98,23496.42726385358
0,1,0,0.25496786646544933,0,9505.527135387221
0,1,1,0.24485146822707055,0.98,6304.349945141347
1,1,1,0.12133890277089895,0.98,3078.550660944806
1,0,1,0.08541164128109813,0.98,4248.761313172496
0,1,1,1.1014891862449172,0.98,27638.587134319925
0,0,0,0.02035229606553912,0,1331.5055442102387
0,1,1,4.336222648611914,0.98,109186.39219010562
1,0,1,1.0636975376526443,0.98,53345.63410805714
0,0,0,1.6439464873725418,0,102396.87204909444
0,0,0,0.09667570237070322,0,6030.365472319455
1,0,1,0.25244275969161134,0.98,12723.477863334268
0,0,0,1.1022547771734121,0,69227.48026152211
0,1,1,2.4793535044606725,0.98,62641.58031412193
0,1,1,1.7931329551244024,0.98,45185.9659887075
0,0,0,0.006901179516451276,0,423.24959121729
0,1,1,0.48288540448993444,0.98,12172.272186265667
1,0,1,1.6428856085145715,0.98,82621.69206072504
1,1,1,0.22964778473655892,0.98,5804.688310093298
0,1,1,2.5174710597751195,0.98,63542.28535607741
0,1,0,0.14364730287343264,0,5391.555996825577
1,1,1,0.15198892556282467,0.98,3851.2952608443597
1,1,1,3.7156056964532147,0.98,93756.82344764749
0,0,0,3.077080793510724,0,192610.96973512918
0,1,1,0.48550048051401973,0.98,12132.73777647203
1,0,1,1.0039167766970518,0.98,50283.951429748035
1,0,1,1.7663086018616203,0.98,89041.35736169266
0,0,0,0.7681575072559894,0,47860.393156468235
0,1,1,1.4424576360383023,0.98,36450.81889799349
0,0,0,3.1716203762400634,0,198169.85070138285
0,1,1,0.4190695723518729,0.98,10579.659274640695
0,1,0,0.214706605747921,0,7995.172755876786
0,0,1,0.03929851087036585,0.98,1970.5092996310996
0,0,0,3.322589881550122,0,207344.56740354275
1,1,1,0.21811116953735699,0.98,5504.839650425782
0,1,1,0.869505933443916,0.98,21911.40070069499
0,0,0,0.44084878766061764,0,27645.959835769627
0,1,0,0.03874330624117145,0,1461.217974452781
0,0,0,0.4741382244974375,0,29564.66776990052
1,0,1,0.9066759122544026,0.98,45494.29681202556
1,0,1,0.2822490483522415,0.98,14187.139344098414
1,0,1,1.6187073216102568,0.98,81550.24728025692
0,0,0,0.14039298409831052,0,8809.990757541469
0,1,0,1.7664699330085758,0,66257.22839079436
0,1,1,2.365898756184316,0.98,59769.591553055914
0,1,1,2.2922553552830274,0.98,58053.76291933981
0,1,0,0.48436223762109876,0,18080.478729280567
0,0,0,0.25046306382864714,0,15699.135550200694
1,0,1,1.5024916305297855,0.98,75523.52092242813
0,1,1,1.1798419365239265,0.98,29499.7605530216
0,1,1,0.5868734698742628,0.98,14875.353500278832
0,0,0,0.11497422307729721,0,7139.758988322987
0,1,1,0.657615203410387,0.98,16367.305425953615
0,1,1,0.11871841223910451,0.98,2967.6176102031036
0,0,1,1.3333824527961138,0.98,66676.36954791506
0,0,0,1.9666805080229286,0,123045.192128468
0,1,0,0.5195801840163767,0,19687.953645567017
0,1,1,0.7254917956468584,0.98,18386.7311639757
1,1,1,1.0102217457768443,0.98,25540.763773531162
0,1,1,0.2014298659188696,0.98,5097.283266302454
0,0,0,0.21646601954381184,0,13573.869604282883
0,1,1,2.3578178825459246,0.98,59368.64884050527
0,1,1,0.663022268563509,0.98,16753.95009948169
0,1,0,2.8851977505049113,0,108406.34875570827
0,1,1,0.34297327345804135,0.98,8651.443143043018
0,0,1,0.9502647425559284,0.98,47716.53083596509
0,1,1,2.918823212217141,0.98,73952.08047122846
0,0,0,2.940132357012082,0,183483.2211178835
0,1,1,1.039778928230417,0.98,26318.617181289734
0,1,1,0.5165284741754883,0.98,12947.297490935674
0,0,0,1.2507044011306885,0,78542.8344485917
1,1,1,5.182334826965119,0.98,130514.08257633935
0,0,0,0.38348864670842886,0,24003.299432493004
0,1,1,1.1242990735498193,0.98,28449.331440378286
0,0,1,0.23924528481438756,0.98,12037.754065840276
0,1,1,1.134974488015187,0.98,28676.24729642843
0,0,0,0.1413852320984006,0,8811.715334803946
0,1,0,0.015369476359594163,0,583.7568336981743
0,0,0,0.3675863469653276,0,23004.112144560455
1,1,1,0.65533865429461,0.98,16523.490862997318
0,1,1,2.004903694489582,0.98,50346.68006058976
0,1,1,0.29599866121662033,0.98,7362.784249517835
0,0,0,0.738674772861314,0,46253.451287421776
0,0,0,2.8349626044539558,0,176769.67846257467
0,1,1,2.691426316150165,0.98,67826.11781029301
1,1,1,0.9501511910510184,0.98,24128.905661416724
0,0,0,0.4391263877041638,0,27333.300775611562
0,1,1,0.5970005369745195,0.98,15088.091383486975
1,0,1,1.0827937912148393,0.98,54269.99318193099
0,0,0,0.7141565233048918,0,44665.056145591334
1,1,1,1.2119067413312319,0.98,30298.326037648632
0,0,0,0.894949193070543,0,55912.30808413961
0,0,0,1.0530621939849976,0,65938.08643027888
0,1,1,0.9309385465037944,0.98,23424.871689096937
0,1,0,0.4313828849803846,0,16236.703760794368
0,0,0,0.11037314683198929,0,6933.232970381227
0,0,0,2.290973724940668,0,143545.3206445393
0,0,0,0.36753657958712094,0,22980.433311965586
1,0,1,0.2565536783076823,0.98,12960.11748201202
0,1,1,0.5395648991689086,0.98,13641.857006616689
0,1,1,0.17048686283369352,0.98,4323.417066335625
0,1,1,0.7918436564085009,0.98,20081.063225982565
0,0,0,1.4938251793701638,0,93068.1843865757
0,0,0,0.17592346156015992,0,11122.934760528047
0,1,1,0.20495305256918073,0.98,5191.602209328053
0,0,0,0.9005148270678641,0,56257.72615939121
0,0,0,0.9411313301010712,0,58818.175593524196
0,0,0,0.11588476930703108,0,7141.389242030741
0,0,0,1.1339308535260084,0,71196.5648758603
0,1,1,0.7170839560729386,0.98,18124.863846029468
0,0,0,0.9750265003693225,0,60912.793355445836
0,0,0,0.9456156706017377,0,59340.81442065825
0,1,1,1.6451653278523926,0.98,41378.24046099784
1,1,1,0.05268943542614579,0.98,1302.2070203446121
0,0,0,1.0206302050081018,0,63872.63874978176
0,1,1,0.19500891864299774,0.98,4836.630706325547
0,1,1,1.0014520482671383,0.98,25257.454731534483
0,1,1,0.6120399278588593,0.98,15527.90998373789
0,1,1,2.663199292369819,0.98,67109.31274058892
0,1,1,0.28031736275946084,0.98,7051.359474610396
0,0,0,0.26690336083993316,0,16665.01732400963
0,1,0,0.7781535374553074,0,29467.699692712948
1,1,0,1.5036834160888437,0,56313.304653628235
0,0,0,0.07340480387210846,0,4516.919652155851
0,1,1,0.2111806171014905,0.98,5253.920689049624
1,1,1,0.3405687133781612,0.98,8646.606638208064
1,1,1,0.05832521372467408,0.98,1490.9478360903688
0,0,1,0.666462205350399,0.98,33707.070285492126
0,0,1,0.31305992417037487,0.98,15771.67529637149
0,1,1,0.0626006918027997,0.98,1549.2194373367374
0,1,1,5.361734257716919,0.98,135587.50695988347
0,1,1,0.40698615927249193,0.98,10297.36617179223
0,1,1,2.388203745581842,0.98,60346.88795382655
1,1,1,1.6043573058301452,0.98,40726.08712391022
0,0,0,7.656711080580785,0,478252.1347563018
0,0,0,0.17947273217950432,0,11217.587751000683
0,1,0,0.5315028424374759,0,19843.693950103017
0,1,0,2.4995802157679767,0,93387.39989221313
0,1,1,0.4284770851954818,0.98,10856.448510399405
0,0,0,1.8955989218408111,0,118818.18286032949
0,1,0,0.697316658641112,0,26077.823138532232
0,0,0,0.20678476896137,0,13030.18239677577
1,0,1,1.2757946271029237,0.98,64354.582299168374
1,1,1,1.30128343585403,0.98,33187.226950220174
0,0,0,0.925766903990577,0,57772.85826709669
0,1,1,0.028075360838619876,0.98,714.9631067358162
0,1,1,2.358335649468637,0.98,59686.81010648197
1,1,1,2.0609935148710257,0.98,52048.33475550416
0,1,1,1.6721799410039428,0.98,42197.97129702279
0,0,1,0.39530878979712725,0.98,19942.525124473912
0,1,1,1.1764682608759776,0.98,29831.615783628637
0,0,1,0.642565312795341,0.98,32479.964832720318
0,0,0,0.5215562527091429,0,32690.56819953657
0,1,1,0.3682516346950195,0.98,9210.374647816794
0,1,0,0.7193672816438733,0,26956.28212905468
0,1,1,1.474681559866095,0.98,37146.05621098336
0,1,1,0.6902247010730207,0.98,17469.98384685208
0,0,0,0.23090033745393157,0,14426.756543516965
0,0,0,3.9881783777610074,0,248413.1033372477
0,0,0,1.3796650627207878,0,86126.81954209981
0,0,0,1.7873294408524278,0,111914.04969997425
0,1,1,0.2685591340996325,0.98,6796.855970766654
1,0,1,0.15888349568095547,0.98,8034.7944393711505
0,1,1,0.7744689797562482,0.98,19476.588765971643
0,1,1,0.22625894285738468,0.98,5663.892006673492
0,1,1,0.5672109345905483,0.98,14307.617106543386
0,1,1,1.4364039273116698,0.98,36272.35937659815
0,0,0,1.8149417693817858,0,113332.18905427358
1,1,0,0.6343343574553728,0,23875.757176905474
0,1,0,1.6630676890814546,0,62336.881822529474
0,0,0,0.5008163307793438,0,31139.27955154355
0,0,0,1.7872384115213398,0,111367.55559198932
0,0,0,0.48205328406766057,0,30210.536491958082
0,1,0,1.2819284917366627,0,48304.02443373997
0,0,0,0.2977784355171025,0,18556.271956825985
0,1,1,2.031061788936878,0.98,51092.29371721999
0,0,0,0.2138779885135591,0,13352.72270907688
1,1,1,0.11080323312868863,0.98,2782.695693492027
0,0,0,0.18458266416564584,0,11502.25865619091
0,0,0,2.5223871710381274,0,157390.84102997542
0,1,1,0.008474350267023398,0.98,202.14467325752068
0,0,0,0.06493858391363133,0,4124.0327430375655
0,0,0,0.2152894646860659,0,13385.495828190737
0,1,1,3.7393146114928024,0.98,94492.50578569144
0,1,1,1.0714570767757419,0.98,27018.991177230917
1,0,1,0.888183052609575,0.98,44528.15015092588
0,1,1,0.2172838244587183,0.98,5473.102961126807
0,1,0,3.087181217800427,0,115474.70769539471
1,0,1,1.6098599805587772,0.98,80785.2543099601
1,0,1,4.66611554075904,0.98,234486.27462341153
0,1,1,1.224203004459751,0.98,30868.163939078662
0,1,1,4.667959142224265,0.98,117835.84974496946
0,1,1,0.9066926892426731,0.98,22877.44125541023
1,0,1,0.2550469881881096,0.98,12822.847363157094
0,1,1,1.9517774599695448,0.98,49340.018915275
0,0,0,0.8461272584603231,0,52834.52836749877
0,1,1,0.5941214160993695,0.98,14895.366482835043
0,1,1,0.7266463515859963,0.98,18148.286752354317
0,1,0,0.2253353539854288,0,8462.691358540611
1,0,1,1.1528653921139362,0.98,57912.84078340175
0,1,1,2.4211914817473654,0.98,61204.01972582523
0,1,1,0.6805699258111417,0.98,17091.30422915737
0,1,1,1.2356626400303963,0.98,31100.104691952372
0,0,0,5.923602730035782e-4,0,38.18868203742593
0,1,1,1.9417020100260023,0.98,49032.714691831956
0,1,1,0.5783400391228497,0.98,14628.92285841984
0,1,1,0.30042551876977086,0.98,7519.283620593549
0,1,1,1.2159659321931127,0.98,30815.29686875113
0,0,1,1.2922505801123503,0.98,64799.019970792804
1,1,1,1.865767655810142,0.98,46991.88925706957
0,1,1,1.7039512618536,0.98,43255.25496040679
1,0,1,1.2683589551177743,0.98,63832.35389396477
0,1,1,0.057680629224316174,0.98,1456.4822878383318
0,1,1,0.4340177094563842,0.98,10862.602970383528
0,0,0,2.0716691835874563,0,129300.98032427169
1,0,1,2.6622392478070025,0.98,133311.35362593518
0,1,1,1.4927086032336039,0.98,37751.108399438315
1,0,1,0.31279654888259806,0.98,15670.593769118155
0,0,0,1.1683608274486783,0,72717.3633368921
0,1,1,2.4967769327244524,0.98,63135.97810476692
0,0,0,0.05127440067008138,0,3182.62303145668
1,0,1,0.6566761494614184,0.98,33017.49327287035
0,1,0,0.25673503428697586,0,9434.194656022955
1,0,1,2.6771902645609145,0.98,134411.5889289179
0,0,0,0.6219786088913679,0,38745.44628147869
0,1,1,0.9550687521275999,0.98,24246.647403656694
0,0,0,3.9241988669000474,0,245244.5039341261
0,1,1,1.4434034823531154,0.98,36464.19848526868
0,1,1,0.9652780959837012,0.98,24296.476600700033
0,1,1,0.6564901666715741,0.98,16629.751507298537
0,0,0,0.3087190189449203,0,19339.462256518655
1,1,1,0.22693174239248037,0.98,5817.313487152875
0,1,0,3.7776153886452923,0,141297.9254171701
1,1,1,1.1428684964355948,0.98,29025.43080144037
1,1,1,0.16400966560468078,0.98,4175.895525422063
0,0,0,0.554203555658383,0,34708.91601661498
0,0,0,0.11972951982170343,0,7495.147408348685
1,0,1,0.04688038207829275,0.98,2342.96098805153
0,0,0,0.32466680835932493,0,20355.116838741556
1,1,1,0.8639776762154819,0.98,21974.46923547913
0,0,0,0.3551098422085674,0,22131.476867687816
0,0,0,0.497607986908406,0,31326.66511671029
0,0,1,0.5055905636399984,0.98,25354.459199659075
1,1,1,1.5089123937392477,0.98,38085.983527283475
1,1,1,0.8358433133871298,0.98,21049.426749965696
1,1,1,0.4202329237014055,0.98,10620.577029115111
0,1,0,0.026429545289605817,0,994.1419123628121
0,0,0,1.9444575210674393,0,121861.52230593275
1,1,1,2.988872028719235,0.98,75428.97432839508
0,1,1,1.2036724285733822,0.98,30345.55421554566
